id,label,username
user:1,User,user_qahftr
user:2,User,user_ckafna
user:3,User,user_ssklhw
user:4,User,user_sieyic
user:5,User,user_jigbld
user:6,User,user_chqxje
user:7,User,user_bfhcgc
user:8,User,user_lvejrs
user:9,User,user_qpesej
user:10,User,user_rfitbv
user:11,User,user_kbxosf
user:12,User,user_kxlggo
user:13,User,user_tlpjzd
user:14,User,user_cbcquk
user:15,User,user_kpmgoy
user:16,User,user_srngqc
user:17,User,user_easszt
user:18,User,user_xwhqpd
user:19,User,user_ounaia
user:20,User,user_wvhbwy
user:21,User,user_tvzndr
user:22,User,user_enpzyt
user:23,User,user_fizqln
user:24,User,user_gbaopa
user:25,User,user_qfxwbg
user:26,User,user_moswog
user:27,User,user_uecllm
user:28,User,user_rzckiw
user:29,User,user_endemw
user:30,User,user_lwobzv
user:31,User,user_ywemfk
user:32,User,user_eakyuh
user:33,User,user_yzoseh
user:34,User,user_potbpn
user:35,User,user_eycepr
user:36,User,user_kyopbc
user:37,User,user_pnyfsg
user:38,User,user_dqlyya
user:39,User,user_zzbfgy
user:40,User,user_wjevsp
user:41,User,user_nroycw
user:42,User,user_dcohps
user:43,User,user_rwngxb
user:44,User,user_lhauqg
user:45,User,user_olabwx
user:46,User,user_ajolbj
user:47,User,user_xfgcuw
user:48,User,user_ztygeu
user:49,User,user_watiyu
user:50,User,user_gucwwf
user:51,User,user_jvwfrk
user:52,User,user_wzhqkz
user:53,User,user_iawgpz
user:54,User,user_clsipn
user:55,User,user_xeblnu
user:56,User,user_strjbr
user:57,User,user_qrdxnr
user:58,User,user_khdkyr
user:59,User,user_qhoahl
user:60,User,user_pilrnu
user:61,User,user_rhrqcy
user:62,User,user_rffagm
user:63,User,user_lxosjk
user:64,User,user_ratucl
user:65,User,user_usmoxd
user:66,User,user_urzpyx
user:67,User,user_vxlxle
user:68,User,user_ltvhum
user:69,User,user_hchhio
user:70,User,user_djdfki
user:71,User,user_kfkxps
user:72,User,user_jajtwy
user:73,User,user_ntuxmh
user:74,User,user_airkem
user:75,User,user_znxprc
user:76,User,user_dmbjfi
user:77,User,user_hykvmt
user:78,User,user_zjquqt
user:79,User,user_faddro
user:80,User,user_mgjpzs
user:81,User,user_zcairy
user:82,User,user_yfpvgs
user:83,User,user_wpdzuj
user:84,User,user_rbqakm
user:85,User,user_yqvslt
user:86,User,user_hvnmlt
user:87,User,user_igyhlt
user:88,User,user_pjawef
user:89,User,user_iwshay
user:90,User,user_gkogms
user:91,User,user_ucfrhp
user:92,User,user_oizojl
user:93,User,user_gdfdnt
user:94,User,user_ethptp
user:95,User,user_vhjhsd
user:96,User,user_zosdwm
user:97,User,user_omleby
user:98,User,user_cbmprd
user:99,User,user_ycgokp
user:100,User,user_fnllwz
user:101,User,user_obyctq
user:102,User,user_reebal
user:103,User,user_mahhwb
user:104,User,user_yuqryl
user:105,User,user_fdgdbu
user:106,User,user_tohdrs
user:107,User,user_nmcbli
user:108,User,user_afrwpa
user:109,User,user_votenl
user:110,User,user_epqmcj
user:111,User,user_icekmr
user:112,User,user_voliiz
user:113,User,user_wvawmb
user:114,User,user_jtqtfo
user:115,User,user_lsdzpg
user:116,User,user_iakfvc
user:117,User,user_qeyhsk
user:118,User,user_zgojxn
user:119,User,user_whukyn
user:120,User,user_hhpzmd
user:121,User,user_mitjyw
user:122,User,user_gjwkim
user:123,User,user_krvzma
user:124,User,user_zicvcx
user:125,User,user_skremz
user:126,User,user_qkcirn
user:127,User,user_qxmoqg
user:128,User,user_xztlcq
user:129,User,user_lsxbuh
user:130,User,user_lgkree
user:131,User,user_wqgxdl
user:132,User,user_lrxmho
user:133,User,user_lipqlg
user:134,User,user_fkmgoo
user:135,User,user_hzrhor
user:136,User,user_xtvxuf
user:137,User,user_fegttr
user:138,User,user_qxqilp
user:139,User,user_chtedo
user:140,User,user_nxvgvm
user:141,User,user_ticzdz
user:142,User,user_szzuju
user:143,User,user_gdjtgj
user:144,User,user_ycgawo
user:145,User,user_fbvxhk
user:146,User,user_bazdgn
user:147,User,user_lrtykt
user:148,User,user_xrvqyh
user:149,User,user_jlywcr
user:150,User,user_xqbhzy
user:151,User,user_cfqzbi
user:152,User,user_ufvopv
user:153,User,user_idxawd
user:154,User,user_oucwdj
user:155,User,user_pagdkc
user:156,User,user_muncny
user:157,User,user_sxrhqa
user:158,User,user_wlcslx
user:159,User,user_pbhqoi
user:160,User,user_nlpcsw
user:161,User,user_wowlxk
user:162,User,user_ksiigy
user:163,User,user_xbvcct
user:164,User,user_opoidj
user:165,User,user_ykxbhi
user:166,User,user_pfrfcv
user:167,User,user_chflot
user:168,User,user_pqayvg
user:169,User,user_htxjed
user:170,User,user_kdqatf
user:171,User,user_leiiyp
user:172,User,user_etbcll
user:173,User,user_lhtclh
user:174,User,user_pnifzb
user:175,User,user_hfdgia
user:176,User,user_ejsnvu
user:177,User,user_ktllci
user:178,User,user_oskcai
user:179,User,user_lrjlcl
user:180,User,user_nkiiie
user:181,User,user_qnfujy
user:182,User,user_vgdfpt
user:183,User,user_byqmop
user:184,User,user_yoqqwq
user:185,User,user_lmqupj
user:186,User,user_ilbvbw
user:187,User,user_pnmoux
user:188,User,user_xoepny
user:189,User,user_cxisne
user:190,User,user_sznpjx
user:191,User,user_kipuqb
user:192,User,user_okgwzp
user:193,User,user_ipdjzs
user:194,User,user_dscoqi
user:195,User,user_rvtrnq
user:196,User,user_naiyit
user:197,User,user_fdcvcu
user:198,User,user_aitdje
user:199,User,user_uvelkr
user:200,User,user_zptugg
post:1,Post,
post:2,Post,
post:3,Post,
post:4,Post,
post:5,Post,
post:6,Post,
post:7,Post,
post:8,Post,
post:9,Post,
post:10,Post,
post:11,Post,
post:12,Post,
post:13,Post,
post:14,Post,
post:15,Post,
post:16,Post,
post:17,Post,
post:18,Post,
post:19,Post,
post:20,Post,
post:21,Post,
post:22,Post,
post:23,Post,
post:24,Post,
post:25,Post,
post:26,Post,
post:27,Post,
post:28,Post,
post:29,Post,
post:30,Post,
post:31,Post,
post:32,Post,
post:33,Post,
post:34,Post,
post:35,Post,
post:36,Post,
post:37,Post,
post:38,Post,
post:39,Post,
post:40,Post,
post:41,Post,
post:42,Post,
post:43,Post,
post:44,Post,
post:45,Post,
post:46,Post,
post:47,Post,
post:48,Post,
post:49,Post,
post:50,Post,
post:51,Post,
post:52,Post,
post:53,Post,
post:54,Post,
post:55,Post,
post:56,Post,
post:57,Post,
post:58,Post,
post:59,Post,
post:60,Post,
post:61,Post,
post:62,Post,
post:63,Post,
post:64,Post,
post:65,Post,
post:66,Post,
post:67,Post,
post:68,Post,
post:69,Post,
post:70,Post,
post:71,Post,
post:72,Post,
post:73,Post,
post:74,Post,
post:75,Post,
post:76,Post,
post:77,Post,
post:78,Post,
post:79,Post,
post:80,Post,
post:81,Post,
post:82,Post,
post:83,Post,
post:84,Post,
post:85,Post,
post:86,Post,
post:87,Post,
post:88,Post,
post:89,Post,
post:90,Post,
post:91,Post,
post:92,Post,
post:93,Post,
post:94,Post,
post:95,Post,
post:96,Post,
post:97,Post,
post:98,Post,
post:99,Post,
post:100,Post,
post:101,Post,
post:102,Post,
post:103,Post,
post:104,Post,
post:105,Post,
post:106,Post,
post:107,Post,
post:108,Post,
post:109,Post,
post:110,Post,
post:111,Post,
post:112,Post,
post:113,Post,
post:114,Post,
post:115,Post,
post:116,Post,
post:117,Post,
post:118,Post,
post:119,Post,
post:120,Post,
post:121,Post,
post:122,Post,
post:123,Post,
post:124,Post,
post:125,Post,
post:126,Post,
post:127,Post,
post:128,Post,
post:129,Post,
post:130,Post,
post:131,Post,
post:132,Post,
post:133,Post,
post:134,Post,
post:135,Post,
post:136,Post,
post:137,Post,
post:138,Post,
post:139,Post,
post:140,Post,
post:141,Post,
post:142,Post,
post:143,Post,
post:144,Post,
post:145,Post,
post:146,Post,
post:147,Post,
post:148,Post,
post:149,Post,
post:150,Post,
post:151,Post,
post:152,Post,
post:153,Post,
post:154,Post,
post:155,Post,
post:156,Post,
post:157,Post,
post:158,Post,
post:159,Post,
post:160,Post,
post:161,Post,
post:162,Post,
post:163,Post,
post:164,Post,
post:165,Post,
post:166,Post,
post:167,Post,
post:168,Post,
post:169,Post,
post:170,Post,
post:171,Post,
post:172,Post,
post:173,Post,
post:174,Post,
post:175,Post,
post:176,Post,
post:177,Post,
post:178,Post,
post:179,Post,
post:180,Post,
post:181,Post,
post:182,Post,
post:183,Post,
post:184,Post,
post:185,Post,
post:186,Post,
post:187,Post,
post:188,Post,
post:189,Post,
post:190,Post,
post:191,Post,
post:192,Post,
post:193,Post,
post:194,Post,
post:195,Post,
post:196,Post,
post:197,Post,
post:198,Post,
post:199,Post,
post:200,Post,
post:201,Post,
post:202,Post,
post:203,Post,
post:204,Post,
post:205,Post,
post:206,Post,
post:207,Post,
post:208,Post,
post:209,Post,
post:210,Post,
post:211,Post,
post:212,Post,
post:213,Post,
post:214,Post,
post:215,Post,
post:216,Post,
post:217,Post,
post:218,Post,
post:219,Post,
post:220,Post,
post:221,Post,
post:222,Post,
post:223,Post,
post:224,Post,
post:225,Post,
post:226,Post,
post:227,Post,
post:228,Post,
post:229,Post,
post:230,Post,
post:231,Post,
post:232,Post,
post:233,Post,
post:234,Post,
post:235,Post,
post:236,Post,
post:237,Post,
post:238,Post,
post:239,Post,
post:240,Post,
post:241,Post,
post:242,Post,
post:243,Post,
post:244,Post,
post:245,Post,
post:246,Post,
post:247,Post,
post:248,Post,
post:249,Post,
post:250,Post,
post:251,Post,
post:252,Post,
post:253,Post,
post:254,Post,
post:255,Post,
post:256,Post,
post:257,Post,
post:258,Post,
post:259,Post,
post:260,Post,
post:261,Post,
post:262,Post,
post:263,Post,
post:264,Post,
post:265,Post,
post:266,Post,
post:267,Post,
post:268,Post,
post:269,Post,
post:270,Post,
post:271,Post,
post:272,Post,
post:273,Post,
post:274,Post,
post:275,Post,
post:276,Post,
post:277,Post,
post:278,Post,
post:279,Post,
post:280,Post,
post:281,Post,
post:282,Post,
post:283,Post,
post:284,Post,
post:285,Post,
post:286,Post,
post:287,Post,
post:288,Post,
post:289,Post,
post:290,Post,
post:291,Post,
post:292,Post,
post:293,Post,
post:294,Post,
post:295,Post,
post:296,Post,
post:297,Post,
post:298,Post,
post:299,Post,
post:300,Post,
post:301,Post,
post:302,Post,
post:303,Post,
post:304,Post,
post:305,Post,
post:306,Post,
post:307,Post,
post:308,Post,
post:309,Post,
post:310,Post,
post:311,Post,
post:312,Post,
post:313,Post,
post:314,Post,
post:315,Post,
post:316,Post,
post:317,Post,
post:318,Post,
post:319,Post,
post:320,Post,
post:321,Post,
post:322,Post,
post:323,Post,
post:324,Post,
post:325,Post,
post:326,Post,
post:327,Post,
post:328,Post,
post:329,Post,
post:330,Post,
post:331,Post,
post:332,Post,
post:333,Post,
post:334,Post,
post:335,Post,
post:336,Post,
post:337,Post,
post:338,Post,
post:339,Post,
post:340,Post,
post:341,Post,
post:342,Post,
post:343,Post,
post:344,Post,
post:345,Post,
post:346,Post,
post:347,Post,
post:348,Post,
post:349,Post,
post:350,Post,
post:351,Post,
post:352,Post,
post:353,Post,
post:354,Post,
post:355,Post,
post:356,Post,
post:357,Post,
post:358,Post,
post:359,Post,
post:360,Post,
post:361,Post,
post:362,Post,
post:363,Post,
post:364,Post,
post:365,Post,
post:366,Post,
post:367,Post,
post:368,Post,
post:369,Post,
post:370,Post,
post:371,Post,
post:372,Post,
post:373,Post,
post:374,Post,
post:375,Post,
post:376,Post,
post:377,Post,
post:378,Post,
post:379,Post,
post:380,Post,
post:381,Post,
post:382,Post,
post:383,Post,
post:384,Post,
post:385,Post,
post:386,Post,
post:387,Post,
post:388,Post,
post:389,Post,
post:390,Post,
post:391,Post,
post:392,Post,
post:393,Post,
post:394,Post,
post:395,Post,
post:396,Post,
post:397,Post,
post:398,Post,
post:399,Post,
post:400,Post,
post:401,Post,
post:402,Post,
post:403,Post,
post:404,Post,
post:405,Post,
post:406,Post,
post:407,Post,
post:408,Post,
post:409,Post,
post:410,Post,
post:411,Post,
post:412,Post,
post:413,Post,
post:414,Post,
post:415,Post,
post:416,Post,
post:417,Post,
post:418,Post,
post:419,Post,
post:420,Post,
post:421,Post,
post:422,Post,
post:423,Post,
post:424,Post,
post:425,Post,
post:426,Post,
post:427,Post,
post:428,Post,
post:429,Post,
post:430,Post,
post:431,Post,
post:432,Post,
post:433,Post,
post:434,Post,
post:435,Post,
post:436,Post,
post:437,Post,
post:438,Post,
post:439,Post,
post:440,Post,
post:441,Post,
post:442,Post,
post:443,Post,
post:444,Post,
post:445,Post,
post:446,Post,
post:447,Post,
post:448,Post,
post:449,Post,
post:450,Post,
post:451,Post,
post:452,Post,
post:453,Post,
post:454,Post,
post:455,Post,
post:456,Post,
post:457,Post,
post:458,Post,
post:459,Post,
post:460,Post,
post:461,Post,
post:462,Post,
post:463,Post,
post:464,Post,
post:465,Post,
post:466,Post,
post:467,Post,
post:468,Post,
post:469,Post,
post:470,Post,
post:471,Post,
post:472,Post,
post:473,Post,
post:474,Post,
post:475,Post,
post:476,Post,
post:477,Post,
post:478,Post,
post:479,Post,
post:480,Post,
post:481,Post,
post:482,Post,
post:483,Post,
post:484,Post,
post:485,Post,
post:486,Post,
post:487,Post,
post:488,Post,
post:489,Post,
post:490,Post,
post:491,Post,
post:492,Post,
post:493,Post,
post:494,Post,
post:495,Post,
post:496,Post,
post:497,Post,
post:498,Post,
post:499,Post,
post:500,Post,
post:501,Post,
post:502,Post,
post:503,Post,
post:504,Post,
post:505,Post,
post:506,Post,
post:507,Post,
post:508,Post,
post:509,Post,
post:510,Post,
post:511,Post,
post:512,Post,
post:513,Post,
post:514,Post,
post:515,Post,
post:516,Post,
post:517,Post,
post:518,Post,
post:519,Post,
post:520,Post,
post:521,Post,
post:522,Post,
post:523,Post,
post:524,Post,
post:525,Post,
post:526,Post,
post:527,Post,
post:528,Post,
post:529,Post,
post:530,Post,
post:531,Post,
post:532,Post,
post:533,Post,
post:534,Post,
post:535,Post,
post:536,Post,
post:537,Post,
post:538,Post,
post:539,Post,
post:540,Post,
post:541,Post,
post:542,Post,
post:543,Post,
post:544,Post,
post:545,Post,
post:546,Post,
post:547,Post,
post:548,Post,
post:549,Post,
post:550,Post,
post:551,Post,
post:552,Post,
post:553,Post,
post:554,Post,
post:555,Post,
post:556,Post,
post:557,Post,
post:558,Post,
post:559,Post,
post:560,Post,
post:561,Post,
post:562,Post,
post:563,Post,
post:564,Post,
post:565,Post,
post:566,Post,
post:567,Post,
post:568,Post,
post:569,Post,
post:570,Post,
post:571,Post,
post:572,Post,
post:573,Post,
post:574,Post,
post:575,Post,
post:576,Post,
post:577,Post,
post:578,Post,
post:579,Post,
post:580,Post,
post:581,Post,
post:582,Post,
post:583,Post,
post:584,Post,
post:585,Post,
post:586,Post,
post:587,Post,
post:588,Post,
post:589,Post,
post:590,Post,
post:591,Post,
post:592,Post,
post:593,Post,
post:594,Post,
post:595,Post,
post:596,Post,
post:597,Post,
post:598,Post,
post:599,Post,
post:600,Post,
post:601,Post,
post:602,Post,
post:603,Post,
post:604,Post,
post:605,Post,
post:606,Post,
post:607,Post,
post:608,Post,
post:609,Post,
post:610,Post,
post:611,Post,
post:612,Post,
post:613,Post,
post:614,Post,
post:615,Post,
post:616,Post,
post:617,Post,
post:618,Post,
post:619,Post,
post:620,Post,
post:621,Post,
post:622,Post,
post:623,Post,
post:624,Post,
post:625,Post,
post:626,Post,
post:627,Post,
post:628,Post,
post:629,Post,
post:630,Post,
post:631,Post,
post:632,Post,
post:633,Post,
post:634,Post,
post:635,Post,
post:636,Post,
post:637,Post,
post:638,Post,
post:639,Post,
post:640,Post,
post:641,Post,
post:642,Post,
post:643,Post,
post:644,Post,
post:645,Post,
post:646,Post,
post:647,Post,
post:648,Post,
post:649,Post,
post:650,Post,
post:651,Post,
post:652,Post,
post:653,Post,
post:654,Post,
post:655,Post,
post:656,Post,
post:657,Post,
post:658,Post,
post:659,Post,
post:660,Post,
post:661,Post,
post:662,Post,
post:663,Post,
post:664,Post,
post:665,Post,
post:666,Post,
post:667,Post,
post:668,Post,
post:669,Post,
post:670,Post,
post:671,Post,
post:672,Post,
post:673,Post,
post:674,Post,
post:675,Post,
post:676,Post,
post:677,Post,
post:678,Post,
post:679,Post,
post:680,Post,
post:681,Post,
post:682,Post,
post:683,Post,
post:684,Post,
post:685,Post,
post:686,Post,
post:687,Post,
post:688,Post,
post:689,Post,
post:690,Post,
post:691,Post,
post:692,Post,
post:693,Post,
post:694,Post,
post:695,Post,
post:696,Post,
post:697,Post,
post:698,Post,
post:699,Post,
post:700,Post,
post:701,Post,
post:702,Post,
post:703,Post,
post:704,Post,
post:705,Post,
post:706,Post,
post:707,Post,
post:708,Post,
post:709,Post,
post:710,Post,
post:711,Post,
post:712,Post,
post:713,Post,
post:714,Post,
post:715,Post,
post:716,Post,
post:717,Post,
post:718,Post,
post:719,Post,
post:720,Post,
post:721,Post,
post:722,Post,
post:723,Post,
post:724,Post,
post:725,Post,
post:726,Post,
post:727,Post,
post:728,Post,
post:729,Post,
post:730,Post,
post:731,Post,
post:732,Post,
post:733,Post,
post:734,Post,
post:735,Post,
post:736,Post,
post:737,Post,
post:738,Post,
post:739,Post,
post:740,Post,
post:741,Post,
post:742,Post,
post:743,Post,
post:744,Post,
post:745,Post,
post:746,Post,
post:747,Post,
post:748,Post,
post:749,Post,
post:750,Post,
post:751,Post,
post:752,Post,
post:753,Post,
post:754,Post,
post:755,Post,
post:756,Post,
post:757,Post,
post:758,Post,
post:759,Post,
post:760,Post,
post:761,Post,
post:762,Post,
post:763,Post,
post:764,Post,
post:765,Post,
post:766,Post,
post:767,Post,
post:768,Post,
post:769,Post,
post:770,Post,
post:771,Post,
post:772,Post,
post:773,Post,
post:774,Post,
post:775,Post,
post:776,Post,
post:777,Post,
post:778,Post,
post:779,Post,
post:780,Post,
post:781,Post,
post:782,Post,
post:783,Post,
post:784,Post,
post:785,Post,
post:786,Post,
post:787,Post,
post:788,Post,
post:789,Post,
post:790,Post,
post:791,Post,
post:792,Post,
post:793,Post,
post:794,Post,
post:795,Post,
post:796,Post,
post:797,Post,
post:798,Post,
post:799,Post,
post:800,Post,
post:801,Post,
post:802,Post,
post:803,Post,
post:804,Post,
post:805,Post,
post:806,Post,
post:807,Post,
post:808,Post,
post:809,Post,
post:810,Post,
post:811,Post,
post:812,Post,
post:813,Post,
post:814,Post,
post:815,Post,
post:816,Post,
post:817,Post,
post:818,Post,
post:819,Post,
post:820,Post,
post:821,Post,
post:822,Post,
post:823,Post,
post:824,Post,
post:825,Post,
post:826,Post,
post:827,Post,
post:828,Post,
post:829,Post,
post:830,Post,
post:831,Post,
post:832,Post,
post:833,Post,
post:834,Post,
post:835,Post,
post:836,Post,
post:837,Post,
post:838,Post,
post:839,Post,
post:840,Post,
post:841,Post,
post:842,Post,
post:843,Post,
post:844,Post,
post:845,Post,
post:846,Post,
post:847,Post,
post:848,Post,
post:849,Post,
post:850,Post,
post:851,Post,
post:852,Post,
post:853,Post,
post:854,Post,
post:855,Post,
post:856,Post,
post:857,Post,
post:858,Post,
post:859,Post,
post:860,Post,
post:861,Post,
post:862,Post,
post:863,Post,
post:864,Post,
post:865,Post,
