comment_id,post_id,user_id,created_at,text
1,1,104,2025-08-25T16:00:00,Like mongodb cloud trend coffee data ml sqlite follow cloud ml graph sql nlp.
2,3,65,2025-08-19T12:00:00,Ai ai data music social music sql post tinyflux ml sql.
3,6,126,2025-08-31T21:00:00,Stream stream stream post sqlite ml music ai tinyflux follow tinyflux.
4,6,119,2025-08-31T11:00:00,Stream ml music data tinyflux coffee follow post.
5,8,71,2025-08-26T15:00:00,Graph ml music graph ai ml coffee trend sqlite.
6,8,115,2025-08-26T07:00:00,Neo4j nlp sql neo4j coffee follow post social mongodb graph post.
7,8,113,2025-08-25T09:00:00,Trend ml music cloud data sql music trend ai data python.
8,11,161,2025-08-15T04:00:00,Social data neo4j sqlite music python.
9,11,6,2025-08-16T10:00:00,Sql social neo4j post neo4j sqlite tinyflux sqlite neo4j coffee sqlite tinyflux coffee graph.
10,11,66,2025-08-17T17:00:00,Post python post post like.
11,13,127,2025-08-31T05:00:00,Data nlp ml music ml mongodb tinyflux music like follow music nlp follow nlp neo4j.
12,15,196,2025-08-22T18:00:00,Graph tinyflux follow sqlite neo4j neo4j like follow ml ai tinyflux.
13,16,43,2025-09-05T08:00:00,Music sql data nlp like post music ml post sqlite sqlite mongodb sqlite python post.
14,16,140,2025-09-03T11:00:00,Cloud tinyflux mongodb stream stream follow neo4j like.
15,17,22,2025-09-04T09:00:00,Tinyflux stream mongodb follow like.
16,17,131,2025-09-02T04:00:00,Follow like trend coffee music social.
17,19,92,2025-08-17T19:00:00,Tinyflux sql follow follow cloud like stream data ai stream ml coffee sqlite.
18,19,47,2025-08-16T01:00:00,Neo4j python ml social sqlite like stream nlp post python graph.
19,20,144,2025-08-24T17:00:00,Nlp social neo4j follow like nlp mongodb.
20,25,23,2025-09-04T07:00:00,Cloud ai trend mongodb graph python.
21,25,177,2025-09-04T23:00:00,Sql tinyflux cloud social nlp social post sqlite cloud python ai mongodb ml.
22,26,157,2025-08-29T01:00:00,Stream tinyflux like ml python stream graph ml graph coffee cloud.
23,28,149,2025-08-15T08:00:00,Ml stream music stream neo4j social sql stream stream stream mongodb trend music python nlp.
24,28,193,2025-08-16T20:00:00,Mongodb data ai post data data follow music trend follow sql sqlite.
25,29,164,2025-08-29T21:00:00,Tinyflux music sql tinyflux trend coffee follow ai.
26,29,66,2025-08-30T18:00:00,Stream ml social tinyflux like cloud follow social nlp python mongodb ml sqlite.
27,29,50,2025-08-30T14:00:00,Ai neo4j ml data social nlp like tinyflux social.
28,33,162,2025-08-28T06:00:00,Stream like ai ml post music python ml ml post music sql coffee.
29,39,159,2025-08-19T08:00:00,Cloud mongodb ml like cloud coffee trend data coffee python coffee sqlite music mongodb.
30,40,174,2025-08-24T00:00:00,Post social follow sql like.
31,41,12,2025-09-01T21:00:00,Data data sqlite data post stream.
32,41,198,2025-09-03T00:00:00,Sql coffee ml tinyflux music stream python cloud data nlp ai.
33,43,78,2025-08-17T18:00:00,Stream neo4j graph python cloud cloud trend social tinyflux.
34,48,68,2025-08-17T21:00:00,Post like coffee trend nlp.
35,53,197,2025-08-24T17:00:00,Graph stream mongodb ml sql social python ml.
36,53,98,2025-08-23T17:00:00,Graph ml tinyflux data cloud coffee mongodb sql data sqlite sqlite graph graph graph python.
37,53,196,2025-08-25T10:00:00,Follow nlp sqlite coffee music coffee data ai data python follow.
38,55,129,2025-08-23T09:00:00,Social mongodb follow ai like stream music neo4j follow nlp nlp neo4j graph.
39,55,21,2025-08-22T23:00:00,Neo4j like ml social ai post ml follow ml python graph post data tinyflux.
40,56,14,2025-09-05T03:00:00,Python tinyflux trend coffee ml sqlite tinyflux trend stream nlp cloud post graph.
41,56,68,2025-09-06T18:00:00,Coffee music neo4j social stream trend cloud.
42,57,69,2025-09-10T07:00:00,Sqlite ml coffee cloud sqlite.
43,61,29,2025-08-12T18:00:00,Graph tinyflux ml social mongodb tinyflux follow sqlite.
44,61,159,2025-08-12T11:00:00,Ml social social sql python mongodb tinyflux nlp ai trend neo4j cloud.
45,65,168,2025-08-29T22:00:00,Post data social follow post.
46,67,50,2025-08-17T05:00:00,Mongodb social sql tinyflux stream music mongodb sql post trend ai.
47,68,180,2025-08-27T14:00:00,Data trend ml stream stream data ml follow python python sqlite cloud python.
48,68,14,2025-08-29T21:00:00,Post trend sqlite nlp mongodb nlp social music.
49,69,167,2025-08-30T18:00:00,Mongodb music stream follow stream python stream cloud.
50,70,149,2025-08-24T07:00:00,Stream social trend social neo4j coffee follow nlp tinyflux post music post sqlite python.
51,72,187,2025-08-29T22:00:00,Tinyflux graph music sql neo4j sql ml stream sql social graph.
52,74,141,2025-08-28T16:00:00,Cloud post like neo4j follow.
53,79,43,2025-09-08T19:00:00,Ai music graph graph ai data.
54,79,134,2025-09-10T02:00:00,Ml music like stream mongodb sqlite neo4j post nlp cloud ai data.
55,82,74,2025-08-18T08:00:00,Trend python coffee sql like neo4j social social.
56,84,197,2025-08-29T23:00:00,Music coffee ml follow coffee sqlite data ai tinyflux follow nlp social like ai post.
57,87,98,2025-08-20T09:00:00,Coffee like ai ml trend cloud.
58,90,101,2025-09-08T00:00:00,Trend tinyflux tinyflux trend like follow ai ml coffee.
59,90,103,2025-09-07T11:00:00,Nlp stream ai social social ml stream python music stream neo4j mongodb graph mongodb.
60,91,136,2025-08-27T06:00:00,Ml neo4j trend neo4j nlp follow sqlite nlp mongodb cloud cloud neo4j graph.
61,96,61,2025-08-17T17:00:00,Like music trend social cloud.
62,97,162,2025-09-04T19:00:00,Neo4j trend cloud coffee data trend social follow neo4j like like social cloud stream.
63,98,31,2025-08-15T11:00:00,Nlp tinyflux sqlite music python mongodb social data sqlite post neo4j python.
64,98,156,2025-08-15T04:00:00,Ml graph music like coffee neo4j ml.
65,98,182,2025-08-14T10:00:00,Python music post coffee python nlp post coffee social music.
66,99,37,2025-08-18T17:00:00,Nlp ai neo4j like ai mongodb sql tinyflux coffee python.
67,102,72,2025-08-23T13:00:00,Stream like mongodb trend trend python data.
68,104,133,2025-08-21T00:00:00,Sqlite tinyflux sql music ml cloud like.
69,105,198,2025-09-01T00:00:00,Nlp data cloud neo4j sqlite.
70,105,16,2025-08-30T12:00:00,Neo4j follow mongodb post trend music.
71,106,23,2025-09-06T17:00:00,Ml tinyflux ai cloud like trend ml.
72,107,35,2025-08-25T02:00:00,Ai data ml coffee ai.
73,108,66,2025-08-19T12:00:00,Neo4j coffee tinyflux sqlite sql mongodb social stream ml neo4j sql trend coffee.
74,108,153,2025-08-20T09:00:00,Follow social ml tinyflux follow social stream music nlp.
75,108,80,2025-08-21T21:00:00,Sql social social ai coffee graph.
76,109,170,2025-08-23T04:00:00,Sqlite data trend sql trend social cloud python.
77,110,62,2025-08-19T20:00:00,Ml data trend follow ml tinyflux ml.
78,113,65,2025-09-09T15:00:00,Stream stream follow coffee sql like social mongodb post ml music ai coffee.
79,119,91,2025-08-12T11:00:00,Follow graph neo4j tinyflux ai ai like like coffee ai.
80,120,80,2025-08-12T04:00:00,Follow music sql follow follow nlp stream cloud mongodb sqlite music post tinyflux ml cloud.
81,121,46,2025-08-21T22:00:00,Ai tinyflux cloud sql post like sqlite data graph ai data music ml coffee social.
82,123,16,2025-09-09T02:00:00,Trend social sqlite data coffee coffee trend.
83,123,47,2025-09-10T21:00:00,Sqlite neo4j ml trend coffee ml ai post data ml graph music neo4j ai cloud.
84,124,173,2025-08-29T23:00:00,Ai sql social data ai cloud follow mongodb follow social ai sqlite neo4j ai coffee.
85,125,55,2025-08-20T07:00:00,Stream sqlite social data stream.
86,125,161,2025-08-18T13:00:00,Follow coffee mongodb trend follow cloud social sql.
87,132,146,2025-09-03T02:00:00,Ai neo4j like like stream data cloud ml python social trend follow stream sqlite music.
88,132,56,2025-09-04T01:00:00,Post coffee sqlite follow trend ai cloud nlp social post coffee ai graph coffee.
89,132,3,2025-09-03T10:00:00,Sql cloud python trend graph music stream graph data graph like tinyflux.
90,134,79,2025-09-10T19:00:00,Data tinyflux ai ai trend ml.
91,135,92,2025-09-01T08:00:00,Mongodb follow neo4j ml python.
92,137,30,2025-08-21T12:00:00,Cloud sql music like python sqlite follow like nlp social follow.
93,137,143,2025-08-23T22:00:00,Coffee neo4j graph graph tinyflux social coffee cloud sql post ml post.
94,140,118,2025-09-05T00:00:00,Stream data nlp nlp ai neo4j ai ml data coffee.
95,142,141,2025-08-13T01:00:00,Graph tinyflux graph mongodb mongodb sqlite data.
96,143,135,2025-08-15T16:00:00,Neo4j nlp ai cloud data music music ml stream coffee neo4j tinyflux trend.
97,143,146,2025-08-17T12:00:00,Graph sqlite cloud stream tinyflux social social like nlp social sqlite trend.
98,145,156,2025-08-22T20:00:00,Like nlp graph stream coffee trend trend sqlite follow music tinyflux nlp ai.
99,145,46,2025-08-24T23:00:00,Mongodb stream mongodb post sql sqlite graph python.
100,145,72,2025-08-23T12:00:00,Follow sqlite tinyflux like trend tinyflux data follow follow neo4j tinyflux tinyflux.
101,146,189,2025-09-06T02:00:00,Ai sql data like sqlite sql music.
102,147,128,2025-08-22T22:00:00,Sqlite music cloud graph trend social stream.
103,149,105,2025-09-08T09:00:00,Graph sqlite post coffee social sql post nlp cloud like data.
104,149,138,2025-09-08T05:00:00,Social sqlite sqlite follow data sqlite post.
105,150,19,2025-08-30T13:00:00,Cloud mongodb trend graph tinyflux stream music social python.
106,150,190,2025-08-30T22:00:00,Data cloud graph neo4j post sql music nlp stream.
107,150,94,2025-08-30T04:00:00,Trend follow ml follow cloud follow trend ai sql cloud graph neo4j post.
108,154,66,2025-08-27T15:00:00,Ai follow cloud graph coffee social tinyflux neo4j coffee coffee mongodb graph graph post cloud.
109,156,23,2025-08-31T14:00:00,Python social sqlite like tinyflux like neo4j.
110,158,26,2025-08-24T18:00:00,Mongodb follow stream nlp follow follow mongodb tinyflux like music sql coffee post.
111,160,175,2025-08-20T01:00:00,Sql neo4j post trend tinyflux follow python nlp follow.
112,161,171,2025-08-24T08:00:00,Stream sql python sql post post sql data post post.
113,161,136,2025-08-26T16:00:00,Ai follow python trend social cloud sqlite sqlite nlp social ml.
114,162,185,2025-08-25T11:00:00,Coffee graph follow ml neo4j follow python cloud tinyflux social cloud post ml like music.
115,166,3,2025-08-17T19:00:00,Like coffee data coffee social neo4j coffee like neo4j cloud post graph trend sql.
116,168,35,2025-08-28T07:00:00,Social neo4j music graph music post data sqlite python stream.
117,168,51,2025-08-28T08:00:00,Like post coffee coffee coffee tinyflux data.
118,168,146,2025-08-29T05:00:00,Sqlite nlp music like like ai mongodb tinyflux.
119,173,21,2025-09-08T00:00:00,Ml like neo4j coffee sql post sqlite tinyflux graph trend stream nlp python.
120,173,175,2025-09-08T16:00:00,Music graph follow trend like.
121,174,178,2025-08-18T20:00:00,Social trend post sql ml nlp neo4j ml coffee graph nlp.
122,176,166,2025-08-26T06:00:00,Tinyflux post post like data like cloud mongodb sqlite ai ai graph trend graph music.
123,176,80,2025-08-27T00:00:00,Nlp post graph ml mongodb sql neo4j social social sql.
124,178,178,2025-09-05T12:00:00,Follow like graph graph mongodb cloud graph social graph tinyflux mongodb graph.
125,179,125,2025-08-29T08:00:00,Music cloud mongodb post trend sqlite like music graph sqlite.
126,180,59,2025-08-14T01:00:00,Mongodb graph python trend sqlite post social sql cloud music ml data cloud.
127,183,142,2025-08-19T11:00:00,Stream cloud nlp follow social.
128,183,41,2025-08-18T02:00:00,Ai ai music cloud cloud post post neo4j trend neo4j neo4j.
129,184,181,2025-08-13T12:00:00,Sqlite post ml tinyflux python trend social nlp coffee social music sql.
130,184,56,2025-08-13T20:00:00,Follow like stream mongodb social python follow.
131,184,89,2025-08-16T00:00:00,Trend neo4j tinyflux sqlite sqlite trend graph follow ml cloud post mongodb follow sql sqlite.
132,185,63,2025-08-14T14:00:00,Data mongodb stream python sqlite nlp music sql.
133,185,125,2025-08-13T17:00:00,Trend like social sqlite coffee ai sqlite sql.
134,189,170,2025-08-20T04:00:00,Neo4j tinyflux sqlite cloud coffee python nlp cloud.
135,193,18,2025-09-08T00:00:00,Ml tinyflux data neo4j like coffee.
136,196,24,2025-09-07T01:00:00,Follow neo4j nlp nlp post data post post ai graph follow sqlite data trend.
137,196,128,2025-09-05T13:00:00,Tinyflux data coffee like neo4j social ml.
138,197,104,2025-09-08T12:00:00,Neo4j nlp ai follow nlp data ml trend sql social follow graph ml.
139,197,100,2025-09-06T04:00:00,Follow sqlite follow stream nlp stream cloud post like like sqlite like.
140,198,80,2025-08-20T02:00:00,Mongodb mongodb cloud coffee ai stream.
141,199,149,2025-08-22T19:00:00,Sql music graph neo4j cloud ai coffee.
142,200,70,2025-09-07T13:00:00,Mongodb social python ai ai music follow nlp coffee stream social nlp python ml.
143,203,108,2025-08-17T02:00:00,Trend ml follow python coffee ai sql coffee sql graph neo4j.
144,203,99,2025-08-17T11:00:00,Ml graph nlp data trend neo4j cloud neo4j cloud coffee ai cloud nlp ai.
145,208,110,2025-08-27T15:00:00,Follow trend mongodb like mongodb neo4j neo4j coffee.
146,210,106,2025-09-12T08:00:00,Python coffee python like like tinyflux coffee python.
147,210,19,2025-09-11T16:00:00,Music neo4j mongodb sql mongodb post like python neo4j python neo4j python ml ai.
148,211,169,2025-09-08T00:00:00,Music ai coffee ml mongodb nlp like.
149,212,172,2025-08-31T21:00:00,Social stream trend python sql music ai trend neo4j music sqlite music nlp ai coffee.
150,212,133,2025-08-30T21:00:00,Python tinyflux ml coffee post music social ai.
151,212,3,2025-08-29T06:00:00,Python ml coffee like music mongodb neo4j post music.
152,213,92,2025-08-17T14:00:00,Social sql trend coffee cloud cloud tinyflux.
153,217,121,2025-08-30T01:00:00,Like follow data neo4j sql data tinyflux neo4j graph sqlite cloud sql data.
154,218,141,2025-08-28T00:00:00,Trend python graph post graph.
155,218,172,2025-08-26T18:00:00,Trend graph nlp graph ml.
156,219,5,2025-08-22T15:00:00,Sqlite tinyflux ml tinyflux sqlite sqlite social stream.
157,222,167,2025-08-25T17:00:00,Neo4j python social follow graph post data.
158,222,170,2025-08-26T15:00:00,Trend data python follow coffee post data sql social post like graph.
159,223,157,2025-08-18T12:00:00,Cloud graph social tinyflux social social graph music follow mongodb sql.
160,227,56,2025-08-13T03:00:00,Sql sql python nlp data.
161,227,178,2025-08-12T16:00:00,Like social cloud post ml ml social mongodb coffee post sql tinyflux graph mongodb sql.
162,227,21,2025-08-12T23:00:00,Tinyflux neo4j python nlp sql sql tinyflux follow.
163,232,149,2025-08-29T03:00:00,Nlp graph graph social python trend.
164,232,15,2025-08-31T09:00:00,Like python trend nlp social music like mongodb sqlite coffee python.
165,232,28,2025-08-30T00:00:00,Data cloud stream stream like graph sqlite mongodb coffee.
166,233,17,2025-08-27T00:00:00,Coffee ai follow social coffee cloud stream.
167,233,183,2025-08-27T09:00:00,Tinyflux music sql sql graph neo4j like social data data follow music nlp.
168,237,107,2025-09-08T07:00:00,Like follow data trend trend nlp sqlite social like neo4j cloud neo4j mongodb python cloud.
169,239,196,2025-08-15T15:00:00,Music graph like like tinyflux sql neo4j graph ai trend music music.
170,241,176,2025-08-28T10:00:00,Trend cloud follow like tinyflux ai stream graph follow python ml like ai stream.
171,249,158,2025-09-10T01:00:00,Sqlite data social coffee social ml python tinyflux graph ml sqlite graph trend.
172,249,190,2025-09-09T17:00:00,Sql graph like nlp social graph cloud graph ml trend coffee.
173,251,35,2025-09-06T04:00:00,Cloud tinyflux graph neo4j music coffee trend like ml ai neo4j coffee sqlite neo4j sql.
174,253,40,2025-09-05T05:00:00,Post tinyflux sqlite follow ai cloud coffee.
175,256,142,2025-08-15T20:00:00,Graph tinyflux sql stream trend ai.
176,258,58,2025-09-05T21:00:00,Post data trend data post social.
177,258,96,2025-09-06T14:00:00,Sqlite trend tinyflux stream trend stream stream follow python ai social music coffee.
178,264,1,2025-08-27T06:00:00,Graph like like nlp mongodb nlp post stream social follow mongodb.
179,266,192,2025-09-11T16:00:00,Neo4j tinyflux sql sqlite music music.
180,266,112,2025-09-10T19:00:00,Data graph coffee data python mongodb stream.
181,267,29,2025-08-21T13:00:00,Like like neo4j trend trend data trend ml post ml mongodb follow.
182,269,25,2025-09-04T21:00:00,Sqlite music stream data trend ml ai sqlite graph ai ai like tinyflux.
183,273,1,2025-08-18T18:00:00,Ai post python trend trend stream ai cloud sqlite like post mongodb sqlite neo4j mongodb.
184,273,16,2025-08-19T10:00:00,Stream ml post social like trend graph neo4j trend trend stream.
185,274,173,2025-08-31T03:00:00,Post ml tinyflux stream mongodb trend follow like.
186,274,193,2025-09-01T04:00:00,Cloud music ml coffee social ai data.
187,278,184,2025-08-23T20:00:00,Sqlite post tinyflux sql trend nlp.
188,278,154,2025-08-23T09:00:00,Nlp tinyflux social like ai follow nlp cloud sqlite ml mongodb cloud neo4j.
189,280,138,2025-09-12T19:00:00,Trend post sql data music mongodb.
190,280,105,2025-09-10T15:00:00,Like sqlite cloud neo4j neo4j stream sql sqlite coffee nlp tinyflux ai.
191,281,188,2025-09-08T20:00:00,Cloud sqlite post stream social mongodb cloud post music ml coffee.
192,284,88,2025-08-16T18:00:00,Mongodb sqlite mongodb ai ml python music trend.
193,284,6,2025-08-17T09:00:00,Mongodb music mongodb ml follow coffee social neo4j cloud.
194,284,6,2025-08-18T00:00:00,Neo4j neo4j coffee sqlite python.
195,286,147,2025-08-30T13:00:00,Python follow graph mongodb stream coffee ml sql post stream mongodb.
196,288,138,2025-09-02T21:00:00,Follow python neo4j ai python ai.
197,289,170,2025-09-12T18:00:00,Trend coffee graph post follow graph music nlp cloud python mongodb.
198,291,46,2025-08-27T11:00:00,Post cloud music sql neo4j stream neo4j trend post coffee coffee post neo4j.
199,292,189,2025-09-07T13:00:00,Post tinyflux music coffee follow sql music follow social.
200,293,13,2025-08-26T01:00:00,Ai coffee cloud sqlite music trend social cloud.
201,293,53,2025-08-26T03:00:00,Cloud data python neo4j post follow sqlite trend python ml.
202,295,185,2025-09-01T03:00:00,Music nlp ml mongodb ai music social ml trend music sql like coffee follow music.
203,299,109,2025-08-30T00:00:00,Post cloud coffee ai music social music like mongodb ml nlp.
204,303,47,2025-09-06T16:00:00,Ai sql like mongodb python social python coffee like coffee python social cloud sql.
205,303,112,2025-09-07T18:00:00,Data post sql sql ai post follow.
206,305,56,2025-09-06T14:00:00,Tinyflux trend neo4j ai sql music graph.
207,307,184,2025-09-09T13:00:00,Like mongodb mongodb nlp graph social stream stream.
208,307,64,2025-09-08T21:00:00,Coffee sqlite neo4j graph neo4j coffee sqlite coffee tinyflux coffee ml follow coffee.
209,313,13,2025-08-30T23:00:00,Neo4j python nlp python sql cloud sql social python.
210,313,136,2025-08-30T14:00:00,Post post music neo4j tinyflux follow.
211,316,155,2025-08-22T03:00:00,Coffee nlp stream sql music.
212,319,177,2025-08-19T02:00:00,Post stream mongodb graph like stream stream trend.
213,320,143,2025-08-23T09:00:00,Social nlp nlp ai post ml coffee data graph ml.
214,323,84,2025-08-27T05:00:00,Post social data stream trend cloud sqlite graph python cloud data nlp.
215,324,42,2025-08-20T03:00:00,Like follow sql post music mongodb python cloud social python like data neo4j neo4j.
216,332,176,2025-08-18T20:00:00,Data data neo4j sqlite python python sqlite.
217,332,100,2025-08-18T12:00:00,Social python social like sqlite tinyflux neo4j ml neo4j trend post trend coffee.
218,333,90,2025-08-25T19:00:00,Like tinyflux post data music ml neo4j.
219,334,156,2025-09-09T10:00:00,Python stream mongodb like nlp data ai.
220,338,85,2025-08-31T13:00:00,Social sql nlp trend stream cloud stream data tinyflux.
221,338,164,2025-08-31T04:00:00,Stream coffee ml stream social neo4j mongodb follow.
222,338,138,2025-08-31T11:00:00,Like coffee ai post tinyflux mongodb like follow tinyflux.
223,339,43,2025-09-04T14:00:00,Nlp ai coffee neo4j ml ml sql post cloud mongodb sqlite tinyflux.
224,342,192,2025-09-06T02:00:00,Coffee music cloud tinyflux music neo4j social data sql trend music neo4j nlp music trend.
225,347,84,2025-08-17T21:00:00,Trend tinyflux ai coffee trend python.
226,348,53,2025-09-04T04:00:00,Like like social stream sql social.
227,353,103,2025-08-26T08:00:00,Cloud social data ai coffee coffee trend social.
228,354,24,2025-09-05T23:00:00,Follow nlp sql sqlite trend post sql nlp graph coffee trend music python cloud sqlite.
229,354,11,2025-09-04T18:00:00,Like nlp graph ai graph neo4j follow sqlite ml coffee sql graph data.
230,354,66,2025-09-05T09:00:00,Post sqlite data trend mongodb sqlite.
231,355,83,2025-09-02T03:00:00,Stream post like ml python follow follow ai sqlite stream.
232,355,35,2025-09-03T15:00:00,Ai music ml ml like stream music mongodb.
233,355,174,2025-09-02T11:00:00,Music social sql coffee sql ai ml social ml ml sqlite trend.
234,356,156,2025-09-07T01:00:00,Graph stream social python mongodb nlp python coffee follow music tinyflux post social stream.
235,357,35,2025-09-11T15:00:00,Nlp trend ai follow post follow.
236,357,31,2025-09-09T14:00:00,Post post social social ai coffee sql stream stream data nlp.
237,360,132,2025-08-18T05:00:00,Sql python nlp ai python sql ai ai.
238,361,90,2025-09-10T01:00:00,Post trend follow graph music music python graph ai python sqlite graph trend.
239,361,22,2025-09-09T05:00:00,Cloud nlp ai social data data sqlite sqlite post python neo4j graph cloud social post.
240,362,16,2025-08-16T14:00:00,Coffee follow like music python follow ai tinyflux neo4j graph cloud python like ml.
241,365,77,2025-09-02T19:00:00,Python python trend mongodb sql ml music.
242,365,160,2025-09-02T07:00:00,Graph cloud ml sqlite sql.
243,365,122,2025-09-02T02:00:00,Stream ml sqlite data like social ai.
244,367,101,2025-08-21T06:00:00,Data cloud ml stream ai coffee nlp.
245,372,145,2025-09-10T02:00:00,Social sql nlp graph social.
246,372,168,2025-09-12T10:00:00,Graph music stream cloud ai stream trend.
247,372,168,2025-09-12T02:00:00,Music music post python trend tinyflux python ml music nlp neo4j stream.
248,373,18,2025-08-31T13:00:00,Nlp coffee ml follow music.
249,373,58,2025-08-30T15:00:00,Trend like music cloud data cloud music graph like.
250,373,70,2025-08-29T11:00:00,Follow like sqlite ai python tinyflux ml.
251,374,47,2025-09-01T01:00:00,Ai sqlite ml mongodb coffee sql music ml sqlite mongodb coffee neo4j follow sqlite.
252,377,150,2025-08-15T22:00:00,Music ai music neo4j music follow stream like data post.
253,380,74,2025-08-18T21:00:00,Python neo4j social like stream ml sql cloud data ai stream.
254,385,143,2025-09-07T12:00:00,Music ai python post music ml ai ml tinyflux social like social like sql.
255,386,187,2025-09-10T17:00:00,Social follow python python ml ml follow stream.
256,393,44,2025-08-18T09:00:00,Graph tinyflux sqlite tinyflux trend cloud coffee.
257,393,54,2025-08-19T04:00:00,Data ai stream sql python.
258,394,104,2025-08-23T11:00:00,Neo4j mongodb ai stream social neo4j data python.
259,398,24,2025-08-30T02:00:00,Social mongodb post music nlp like tinyflux neo4j stream social tinyflux tinyflux mongodb cloud.
260,398,139,2025-08-29T20:00:00,Stream post data trend like ml follow cloud ai.
261,401,151,2025-09-03T18:00:00,Sqlite sql music data post follow data data trend.
262,403,143,2025-08-31T00:00:00,Coffee music neo4j post graph ai mongodb post sqlite.
263,406,72,2025-08-22T05:00:00,Ai coffee like mongodb python neo4j tinyflux trend ml music data.
264,409,185,2025-08-23T03:00:00,Tinyflux stream data stream like sqlite stream.
265,409,153,2025-08-24T13:00:00,Music trend music stream stream.
266,415,164,2025-08-20T01:00:00,Coffee follow sql follow ai python graph data social follow neo4j.
267,415,85,2025-08-19T14:00:00,Music ml data graph mongodb coffee neo4j python trend cloud trend data mongodb.
268,425,45,2025-08-13T02:00:00,Neo4j follow mongodb data data ai like.
269,425,137,2025-08-14T00:00:00,Nlp ml social sql post.
270,426,194,2025-08-28T10:00:00,Cloud ai trend sqlite trend follow ml sql mongodb.
271,426,99,2025-08-27T04:00:00,Mongodb coffee ai nlp tinyflux mongodb.
272,428,126,2025-09-04T20:00:00,Sql neo4j ml nlp ml graph like social tinyflux.
273,431,101,2025-09-09T10:00:00,Stream post tinyflux cloud cloud.
274,431,179,2025-09-09T04:00:00,Trend python data like trend trend ml.
275,431,140,2025-09-09T09:00:00,Trend python mongodb nlp post sqlite neo4j mongodb cloud ai follow music stream.
276,437,54,2025-08-21T16:00:00,Coffee ml tinyflux cloud graph.
277,437,29,2025-08-20T20:00:00,Coffee mongodb post mongodb social graph.
278,439,5,2025-08-17T04:00:00,Sqlite post mongodb data music sqlite mongodb social stream data music sql trend ml coffee.
279,443,129,2025-08-28T23:00:00,Stream python post stream follow ml.
280,443,199,2025-08-28T03:00:00,Post post follow graph graph trend coffee sqlite python post.
281,445,31,2025-09-04T04:00:00,Coffee tinyflux stream ai like.
282,445,128,2025-09-02T19:00:00,Tinyflux mongodb stream data data graph.
283,446,52,2025-08-23T14:00:00,Ml post mongodb like ai data python like sql like nlp music music sqlite.
284,446,192,2025-08-23T13:00:00,Post social neo4j ai tinyflux trend social trend graph follow cloud tinyflux follow follow.
285,446,185,2025-08-25T17:00:00,Data mongodb post mongodb post coffee cloud ai music.
286,451,6,2025-08-27T13:00:00,Neo4j sqlite post stream ai music nlp.
287,452,184,2025-08-24T06:00:00,Music ml ml neo4j stream social nlp post music sql neo4j social.
288,453,99,2025-08-16T09:00:00,Nlp music graph coffee sql ml ml trend trend ai social stream.
289,454,184,2025-08-22T23:00:00,Social nlp follow ai graph python trend graph social sql.
290,457,32,2025-08-22T03:00:00,Ai follow mongodb social neo4j post python sqlite ai post sqlite cloud ml sqlite.
291,457,63,2025-08-21T23:00:00,Data data music ml python music data.
292,457,123,2025-08-20T02:00:00,Graph ai like post stream python social python.
293,459,29,2025-08-21T21:00:00,Neo4j python trend stream sql ai like tinyflux.
294,460,20,2025-08-14T02:00:00,Trend ai music like cloud tinyflux social tinyflux follow sqlite.
295,462,60,2025-08-23T19:00:00,Coffee data ai ai music social like ml.
296,463,40,2025-09-04T15:00:00,Post neo4j ml follow coffee sql coffee tinyflux like music stream data ml.
297,465,35,2025-09-11T06:00:00,Cloud neo4j stream coffee python cloud like ai sqlite neo4j graph tinyflux ai python.
298,467,95,2025-08-24T12:00:00,Social nlp ai data music nlp data stream music cloud python.
299,468,137,2025-08-17T06:00:00,Sqlite data data coffee follow stream social trend python data coffee post.
300,469,172,2025-08-18T00:00:00,Ai neo4j coffee social cloud stream follow trend graph stream coffee.
301,474,97,2025-09-06T03:00:00,Nlp data post sql coffee tinyflux follow.
302,478,56,2025-09-11T20:00:00,Tinyflux post mongodb ml sqlite ai python like stream cloud sqlite.
303,480,200,2025-09-04T00:00:00,Python coffee ai stream post social nlp neo4j.
304,481,84,2025-09-12T10:00:00,Follow social coffee sqlite tinyflux ml data nlp neo4j nlp tinyflux.
305,484,151,2025-08-23T04:00:00,Post stream music graph sql ml post nlp.
306,484,53,2025-08-24T00:00:00,Tinyflux graph mongodb nlp music.
307,488,110,2025-09-03T16:00:00,Music graph social graph trend cloud python post ml neo4j ai graph.
308,488,27,2025-09-05T07:00:00,Ai neo4j post graph trend tinyflux follow follow social ai follow trend graph cloud.
309,495,5,2025-08-15T04:00:00,Ml graph trend ai coffee ai.
310,495,9,2025-08-15T14:00:00,Graph graph post graph like cloud sql music post graph python ml follow like.
311,499,194,2025-08-17T18:00:00,Data trend mongodb mongodb follow coffee sqlite sql mongodb.
312,501,195,2025-09-01T16:00:00,Stream data trend music cloud coffee ai.
313,502,145,2025-08-22T07:00:00,Music ml ml cloud coffee.
314,502,44,2025-08-22T11:00:00,Neo4j coffee follow neo4j python tinyflux neo4j.
315,502,6,2025-08-22T10:00:00,Stream stream coffee ai tinyflux.
316,503,193,2025-08-28T05:00:00,Graph stream sqlite like neo4j.
317,503,44,2025-08-26T06:00:00,Graph data cloud post python post mongodb.
318,503,72,2025-08-27T10:00:00,Neo4j ai sql trend coffee graph sql ai graph cloud ai post like.
319,504,89,2025-08-26T08:00:00,Mongodb tinyflux follow python social sqlite.
320,506,149,2025-08-18T17:00:00,Post python social mongodb social sql trend python sql like neo4j music post.
321,506,7,2025-08-17T21:00:00,Tinyflux stream mongodb music post social social data trend data social social cloud like.
322,507,158,2025-09-09T18:00:00,Music sql nlp graph nlp.
323,511,99,2025-09-08T00:00:00,Social python data sql ml mongodb social neo4j graph ml tinyflux data cloud tinyflux.
324,511,33,2025-09-09T07:00:00,Nlp graph trend mongodb cloud cloud trend music ai.
325,512,31,2025-09-07T10:00:00,Ai neo4j graph tinyflux stream python trend python.
326,514,17,2025-08-27T22:00:00,Trend cloud coffee python tinyflux music neo4j music.
327,516,133,2025-08-17T09:00:00,Like nlp music nlp follow cloud tinyflux trend graph data stream tinyflux.
328,518,83,2025-09-05T22:00:00,Neo4j tinyflux follow coffee stream nlp.
329,520,148,2025-09-01T02:00:00,Trend social neo4j follow ml data trend like.
330,528,92,2025-08-24T20:00:00,Graph tinyflux graph social sqlite tinyflux nlp ml graph tinyflux python nlp sqlite.
331,529,93,2025-08-17T16:00:00,Trend mongodb coffee cloud social cloud neo4j graph.
332,530,3,2025-08-27T14:00:00,Graph tinyflux sqlite mongodb graph trend python graph ml neo4j python graph ai.
333,530,44,2025-08-27T21:00:00,Like data neo4j graph ai ai tinyflux ml.
334,532,11,2025-09-04T18:00:00,Cloud python post coffee post follow cloud graph data post mongodb.
335,536,22,2025-08-30T05:00:00,Cloud sql mongodb music python nlp data neo4j.
336,540,136,2025-09-10T19:00:00,Nlp ai cloud ml like tinyflux post data follow trend cloud sql.
337,540,135,2025-09-11T22:00:00,Ai coffee nlp graph ml.
338,540,114,2025-09-12T07:00:00,Music sql music follow trend social music mongodb social python tinyflux follow python like tinyflux.
339,543,30,2025-09-09T02:00:00,Graph nlp trend stream nlp ml like ai trend sql python python.
340,544,12,2025-08-31T12:00:00,Post nlp trend music neo4j ai data post mongodb neo4j graph.
341,545,11,2025-08-18T22:00:00,Neo4j ml python python social graph python ml coffee.
342,547,147,2025-09-04T09:00:00,Neo4j follow graph trend social cloud sql post music neo4j ai sqlite.
343,550,69,2025-08-18T09:00:00,Ai follow neo4j sql trend mongodb coffee tinyflux python data tinyflux sql social mongodb post.
344,552,123,2025-08-21T21:00:00,Python ml coffee post mongodb tinyflux.
345,555,134,2025-09-09T10:00:00,Sql data tinyflux data social post follow cloud ml.
346,555,107,2025-09-10T12:00:00,Sqlite cloud sql neo4j post follow data.
347,555,169,2025-09-09T15:00:00,Stream post tinyflux neo4j like music.
348,557,148,2025-09-02T15:00:00,Social coffee ai nlp post.
349,560,94,2025-08-22T05:00:00,Ai trend sql sql python ml stream sql cloud mongodb sqlite.
350,560,6,2025-08-22T04:00:00,Tinyflux trend music like graph graph ml trend like mongodb social mongodb.
351,560,198,2025-08-22T18:00:00,Stream stream coffee stream coffee neo4j post cloud social neo4j sql sqlite.
352,563,129,2025-08-25T14:00:00,Ai post social mongodb post post mongodb neo4j music music nlp.
353,565,109,2025-09-06T10:00:00,Trend sqlite ml ml sql post social ml graph like sqlite trend nlp.
354,565,149,2025-09-06T23:00:00,Post data follow post like nlp neo4j ml coffee trend sql post nlp.
355,567,2,2025-08-16T21:00:00,Post coffee python ml python ai tinyflux neo4j sqlite sqlite follow.
356,567,23,2025-08-15T07:00:00,Coffee follow mongodb ai python social mongodb ml ai cloud.
357,569,138,2025-09-10T09:00:00,Ai python mongodb graph follow sql like tinyflux.
358,571,14,2025-09-09T19:00:00,Post data tinyflux music nlp trend ai mongodb follow python sql music trend stream trend.
359,572,14,2025-08-28T14:00:00,Sqlite python social like sqlite like sqlite data ai like social.
360,577,11,2025-09-03T10:00:00,Sql stream stream stream trend.
361,578,17,2025-08-26T11:00:00,Ml stream mongodb ml graph trend python.
362,578,77,2025-08-26T20:00:00,Social ai trend nlp stream sqlite follow follow graph mongodb.
363,578,162,2025-08-25T12:00:00,Data stream ml neo4j music neo4j.
364,579,29,2025-08-27T22:00:00,Ml music neo4j stream post sql music data social graph like graph.
365,579,68,2025-08-28T12:00:00,Sql post cloud sqlite mongodb coffee stream post nlp.
366,582,76,2025-08-18T19:00:00,Graph trend sql neo4j neo4j like graph sql cloud.
367,587,181,2025-08-29T08:00:00,Mongodb mongodb ml music social sql coffee post.
368,588,79,2025-08-14T06:00:00,Cloud sqlite ml stream data stream ml cloud like sqlite.
369,588,63,2025-08-16T04:00:00,Post trend stream music trend neo4j follow sql cloud.
370,589,103,2025-08-23T05:00:00,Follow follow sql ai ml nlp social.
371,589,136,2025-08-23T05:00:00,Neo4j music neo4j neo4j nlp like trend like music.
372,592,100,2025-08-13T00:00:00,Follow neo4j music cloud cloud follow like.
373,597,152,2025-08-20T20:00:00,Like mongodb follow stream sql social tinyflux trend cloud stream tinyflux nlp graph like.
374,603,65,2025-08-27T08:00:00,Coffee mongodb tinyflux follow neo4j graph.
375,603,33,2025-08-28T04:00:00,Ai trend python ai follow.
376,604,103,2025-08-26T19:00:00,Tinyflux like follow coffee sqlite sql ai python like data coffee ai stream neo4j.
377,606,140,2025-08-24T13:00:00,Ai mongodb ml coffee sqlite python tinyflux.
378,606,171,2025-08-22T18:00:00,Like coffee follow mongodb data graph coffee sql neo4j.
379,609,27,2025-08-22T10:00:00,Like ml like neo4j follow social like follow ai follow cloud stream trend.
380,611,63,2025-09-10T01:00:00,Mongodb ml like ml coffee nlp social sqlite tinyflux follow python post.
381,613,79,2025-09-05T15:00:00,Music graph sql data graph sqlite coffee ml ai.
382,616,19,2025-08-19T16:00:00,Data ml social social graph ai sqlite post tinyflux neo4j.
383,617,152,2025-09-09T02:00:00,Nlp sql ai python graph python follow python ml stream ai python ml.
384,619,107,2025-09-07T17:00:00,Coffee data follow ai post ml data social.
385,619,19,2025-09-09T13:00:00,Ai like neo4j social cloud nlp sql sqlite trend neo4j data cloud graph python mongodb.
386,619,19,2025-09-10T00:00:00,Stream coffee stream data tinyflux data trend nlp python post.
387,622,30,2025-08-31T03:00:00,Mongodb post ai python neo4j.
388,623,4,2025-08-29T16:00:00,Trend music python ai social mongodb social stream graph post.
389,623,7,2025-08-29T03:00:00,Cloud social social tinyflux ai stream like stream cloud like mongodb sqlite ai ml.
390,627,87,2025-09-02T12:00:00,Python ml mongodb trend tinyflux coffee ml sql like mongodb nlp.
391,630,14,2025-09-08T08:00:00,Ai tinyflux mongodb nlp follow neo4j ai sqlite music sqlite data post.
392,630,178,2025-09-07T13:00:00,Data graph trend music cloud music coffee python.
393,641,41,2025-09-05T19:00:00,Coffee mongodb nlp ai nlp.
394,643,76,2025-08-15T14:00:00,Trend sqlite sqlite music mongodb.
395,649,87,2025-08-16T08:00:00,Python trend nlp cloud ml trend graph coffee social cloud ai sql ai tinyflux.
396,654,115,2025-09-09T01:00:00,Like stream ai like data sql cloud sql.
397,655,95,2025-08-23T06:00:00,Tinyflux trend data mongodb python ai stream.
398,657,151,2025-08-12T06:00:00,Music graph post sql ai cloud ai python graph sql like social neo4j sqlite.
399,657,94,2025-08-13T06:00:00,Neo4j post follow ai mongodb stream.
400,659,119,2025-08-16T21:00:00,Like sqlite python python mongodb follow ai python neo4j mongodb sqlite like.
401,659,58,2025-08-17T18:00:00,Music ai neo4j tinyflux neo4j coffee.
402,662,73,2025-08-27T19:00:00,Follow graph graph social cloud music mongodb data sqlite cloud sql.
403,662,105,2025-08-26T14:00:00,Post coffee ml ml python trend graph ml like ai graph.
404,663,17,2025-09-08T23:00:00,Cloud data follow sqlite data sql tinyflux follow ml post coffee data stream.
405,675,55,2025-08-18T13:00:00,Post sqlite follow nlp data tinyflux music like data mongodb stream neo4j cloud follow like.
406,676,104,2025-08-26T04:00:00,Coffee trend neo4j graph coffee mongodb python sqlite nlp stream ai.
407,677,13,2025-09-02T00:00:00,Follow sqlite post post data python trend post.
408,684,37,2025-08-16T14:00:00,Social music neo4j trend python ai trend like.
409,684,83,2025-08-15T07:00:00,Post like trend nlp mongodb neo4j graph.
410,688,41,2025-09-03T05:00:00,Trend sqlite ai sql graph neo4j python follow data mongodb sql social stream.
411,688,76,2025-09-02T18:00:00,Follow nlp data neo4j music mongodb social nlp.
412,689,22,2025-08-20T19:00:00,Sqlite music cloud like ml ml sqlite mongodb sql.
413,690,32,2025-08-22T04:00:00,Tinyflux cloud python sql sqlite.
414,690,48,2025-08-24T08:00:00,Tinyflux graph music ml nlp sql data trend stream follow follow ml python nlp like.
415,690,114,2025-08-22T01:00:00,Neo4j data cloud ai mongodb graph stream coffee.
416,691,22,2025-09-08T05:00:00,Nlp tinyflux tinyflux music nlp ai mongodb ml social cloud graph nlp music neo4j ai.
417,692,41,2025-08-25T02:00:00,Sql ml post sqlite cloud.
418,692,104,2025-08-26T10:00:00,Tinyflux python ml coffee nlp neo4j music like follow sqlite neo4j.
419,697,20,2025-08-31T09:00:00,Like stream ai tinyflux trend post ai python tinyflux sqlite music ml trend python.
420,697,33,2025-08-30T17:00:00,Follow python cloud music graph stream tinyflux trend.
421,697,167,2025-08-30T10:00:00,Trend music mongodb neo4j coffee python ai data sqlite ml sqlite like graph like post.
422,698,181,2025-08-23T15:00:00,Coffee post like graph cloud nlp stream nlp post social stream like.
423,698,33,2025-08-23T03:00:00,Stream stream nlp coffee stream post data stream cloud data tinyflux sqlite.
424,698,66,2025-08-24T00:00:00,Coffee tinyflux neo4j stream trend python ai sqlite stream sqlite mongodb.
425,700,50,2025-08-28T22:00:00,Follow trend trend ml sql post data stream.
426,711,85,2025-08-21T16:00:00,Like like coffee social cloud nlp data follow python ml ai data stream coffee social.
427,711,107,2025-08-21T20:00:00,Python data data cloud python music graph.
428,711,66,2025-08-20T15:00:00,Data stream mongodb like ai post post sql ml.
429,723,77,2025-08-30T11:00:00,Like stream ml graph social coffee ai.
430,723,157,2025-08-31T21:00:00,Ai mongodb trend tinyflux sql sqlite ai social.
431,724,156,2025-09-01T13:00:00,Nlp post post neo4j nlp post coffee graph python sql cloud python ai coffee.
432,727,97,2025-08-18T15:00:00,Follow follow ai coffee mongodb follow neo4j sqlite trend.
433,729,141,2025-08-12T06:00:00,Sqlite ml graph mongodb python sqlite post.
434,733,154,2025-08-22T18:00:00,Stream mongodb trend nlp post graph sql neo4j ml nlp.
435,733,74,2025-08-24T21:00:00,Nlp mongodb follow music coffee stream ml python like stream graph.
436,736,156,2025-08-20T17:00:00,Stream cloud stream like music ml sql social graph trend ai mongodb tinyflux cloud mongodb.
437,739,75,2025-08-25T19:00:00,Data follow graph ai ml post sql follow.
438,740,23,2025-09-10T00:00:00,Follow stream trend social nlp stream.
439,740,76,2025-09-08T19:00:00,Post post neo4j ml stream post like like sql nlp music.
440,741,31,2025-09-05T10:00:00,Stream neo4j follow trend sql sqlite neo4j ai post social ml post trend tinyflux.
441,742,115,2025-09-09T08:00:00,Trend python nlp ml coffee python mongodb ml nlp coffee neo4j data post trend stream.
442,743,116,2025-09-05T03:00:00,Stream cloud data nlp data neo4j cloud follow social mongodb graph post.
443,749,5,2025-08-14T14:00:00,Data sql cloud music music mongodb sqlite ai post tinyflux stream.
444,749,140,2025-08-12T13:00:00,Like mongodb stream mongodb post social data.
445,750,7,2025-08-20T15:00:00,Like cloud social follow ai.
446,758,60,2025-08-24T05:00:00,Like stream like ml coffee like like sql coffee.
447,764,58,2025-08-25T01:00:00,Cloud ml post ml tinyflux social post sqlite trend music.
448,766,175,2025-09-09T17:00:00,Sqlite ai music data nlp mongodb trend sql python post python coffee.
449,767,138,2025-09-11T03:00:00,Follow coffee coffee nlp data like.
450,767,27,2025-09-10T20:00:00,Follow social trend graph stream ml coffee social.
451,767,199,2025-09-12T21:00:00,Data ai mongodb trend nlp ml data trend sql follow post mongodb cloud stream.
452,769,148,2025-08-28T14:00:00,Like follow post ml trend.
453,769,77,2025-08-27T03:00:00,Ml like mongodb nlp social stream.
454,769,54,2025-08-27T16:00:00,Neo4j nlp nlp like mongodb tinyflux music ml music cloud.
455,771,182,2025-09-03T05:00:00,Neo4j data neo4j like sqlite mongodb follow.
456,775,189,2025-08-21T00:00:00,Stream mongodb python sql ml cloud.
457,775,120,2025-08-20T03:00:00,Python cloud nlp python graph music tinyflux neo4j stream.
458,776,161,2025-09-09T15:00:00,Tinyflux like mongodb ml ml coffee like trend data.
459,777,104,2025-09-08T23:00:00,Mongodb like trend data social python.
460,780,15,2025-08-27T09:00:00,Sql nlp ml ai follow neo4j tinyflux music ml sqlite follow follow social.
461,783,163,2025-09-05T21:00:00,Neo4j mongodb cloud post music.
462,783,49,2025-09-06T06:00:00,Nlp music tinyflux follow ml follow ai follow tinyflux like python.
463,783,9,2025-09-04T18:00:00,Music sqlite sql mongodb stream data follow.
464,784,109,2025-08-29T23:00:00,Trend nlp mongodb ai nlp nlp data music.
465,786,31,2025-08-23T12:00:00,Ai graph sql trend data coffee cloud cloud trend.
466,788,14,2025-09-09T15:00:00,Cloud nlp music sql neo4j social cloud like cloud mongodb coffee neo4j graph.
467,790,97,2025-08-23T10:00:00,Python ai sql trend social post.
468,792,191,2025-09-08T19:00:00,Data tinyflux sql like follow social like python stream nlp.
469,792,47,2025-09-09T21:00:00,Sql ai nlp sql sql python cloud cloud tinyflux data sqlite python post.
470,792,39,2025-09-08T22:00:00,Music sqlite neo4j stream nlp post.
471,795,75,2025-08-17T02:00:00,Coffee sql nlp ml data graph sqlite post stream data tinyflux stream follow data.
472,803,4,2025-09-09T15:00:00,Data nlp ai sqlite mongodb coffee coffee coffee nlp data mongodb sqlite ai.
473,804,149,2025-08-19T02:00:00,Like tinyflux cloud python tinyflux graph ml data.
474,804,50,2025-08-18T07:00:00,Follow ml coffee mongodb like like ai.
475,806,44,2025-08-23T13:00:00,Data social ai ml ai coffee.
476,808,145,2025-09-01T19:00:00,Data trend ml sql post.
477,811,72,2025-08-13T05:00:00,Follow sql follow music sqlite.
478,811,13,2025-08-15T00:00:00,Music ai follow tinyflux social trend music sql stream sql neo4j.
479,813,94,2025-08-24T00:00:00,Cloud follow social graph tinyflux python post ml python music coffee stream python.
480,814,157,2025-08-15T09:00:00,Social graph neo4j ml graph graph data post follow sql social.
481,815,122,2025-08-25T08:00:00,Sqlite neo4j mongodb graph nlp sql ml social coffee.
482,818,95,2025-08-22T19:00:00,Post python social cloud graph social trend stream mongodb ml coffee python social cloud.
483,818,64,2025-08-23T04:00:00,Sqlite graph trend social like like cloud tinyflux sqlite coffee neo4j sqlite sqlite ml.
484,818,196,2025-08-23T23:00:00,Tinyflux graph sql like social cloud like graph music nlp.
485,821,108,2025-08-15T02:00:00,Stream sql python like python stream stream ml sqlite ai social cloud stream python nlp.
486,822,158,2025-09-05T22:00:00,Data data trend sqlite stream music trend stream graph nlp ai ai post nlp cloud.
487,825,2,2025-08-21T13:00:00,Stream ml nlp neo4j tinyflux neo4j music tinyflux neo4j.
488,827,74,2025-08-17T03:00:00,Neo4j python social cloud coffee python music neo4j.
489,827,163,2025-08-15T22:00:00,Post python social sql post neo4j nlp tinyflux neo4j post mongodb.
490,827,77,2025-08-15T02:00:00,Cloud neo4j stream sqlite follow music mongodb tinyflux.
491,831,116,2025-08-28T04:00:00,Sqlite neo4j sql sql music music cloud graph social neo4j music.
492,832,64,2025-08-19T11:00:00,Ai social graph sql follow sql like ml nlp post follow python social python.
493,833,140,2025-09-02T10:00:00,Tinyflux follow trend nlp sql data.
494,839,152,2025-08-27T11:00:00,Ai coffee trend graph like.
495,842,107,2025-08-22T16:00:00,Like follow tinyflux data mongodb ai python music post sql stream.
496,842,191,2025-08-23T19:00:00,Neo4j trend follow sql graph ml sqlite neo4j sqlite.
497,844,152,2025-09-06T13:00:00,Like cloud data social data tinyflux data nlp.
498,844,53,2025-09-06T18:00:00,Neo4j coffee post ai music like.
499,845,2,2025-09-06T21:00:00,Neo4j sqlite python music post nlp mongodb coffee like like data like sql.
500,847,95,2025-08-27T15:00:00,Python ml mongodb sql social data like nlp mongodb music follow.
501,854,20,2025-08-16T07:00:00,Like sql data neo4j ml sqlite.
502,854,100,2025-08-15T09:00:00,Stream post coffee follow graph sqlite tinyflux trend ai mongodb python.
503,855,17,2025-08-18T12:00:00,Stream tinyflux python stream like ml mongodb stream follow neo4j follow ai music follow.
504,856,88,2025-09-04T08:00:00,Coffee sqlite ml cloud social python music follow ml tinyflux nlp cloud.
505,858,104,2025-08-19T23:00:00,Python trend nlp sqlite data.
506,859,168,2025-09-11T12:00:00,Post ai post stream follow ml.
507,859,47,2025-09-11T10:00:00,Social stream social music ai.
508,860,106,2025-08-15T05:00:00,Neo4j sqlite follow post music music music nlp graph stream music cloud social.
509,860,42,2025-08-13T18:00:00,Music music graph graph ai python coffee graph.
510,860,50,2025-08-14T22:00:00,Neo4j python ai data tinyflux neo4j nlp post sql trend music music sql sqlite.
511,861,199,2025-09-11T17:00:00,Coffee social ml music social stream music post.
512,862,112,2025-08-13T14:00:00,Mongodb like cloud nlp follow neo4j.
