user_id,username,created_at
1,user_qahftr,2024-11-06
2,user_ckafna,2025-05-03
3,user_ssklhw,2025-05-23
4,user_sieyic,2025-06-24
5,user_jigbld,2025-01-31
6,user_chqxje,2025-07-08
7,user_bfhcgc,2025-03-23
8,user_lvejrs,2024-08-28
9,user_qpesej,2024-09-19
10,user_rfitbv,2025-03-04
11,user_kbxosf,2024-11-30
12,user_kxlggo,2025-03-31
13,user_tlpjzd,2024-12-03
14,user_cbcquk,2025-07-11
15,user_kpmgoy,2024-08-29
16,user_srngqc,2025-01-02
17,user_easszt,2024-11-26
18,user_xwhqpd,2025-05-22
19,user_ounaia,2025-02-08
20,user_wvhbwy,2025-06-30
21,user_tvzndr,2024-11-04
22,user_enpzyt,2024-08-24
23,user_fizqln,2025-06-12
24,user_gbaopa,2024-08-15
25,user_qfxwbg,2024-09-04
26,user_moswog,2024-12-13
27,user_uecllm,2025-07-16
28,user_rzckiw,2025-04-07
29,user_endemw,2025-07-05
30,user_lwobzv,2025-06-26
31,user_ywemfk,2025-07-13
32,user_eakyuh,2024-08-21
33,user_yzoseh,2025-07-14
34,user_potbpn,2024-11-14
35,user_eycepr,2025-04-14
36,user_kyopbc,2024-09-10
37,user_pnyfsg,2025-01-22
38,user_dqlyya,2024-09-28
39,user_zzbfgy,2025-07-08
40,user_wjevsp,2024-09-12
41,user_nroycw,2025-03-30
42,user_dcohps,2025-04-30
43,user_rwngxb,2024-09-22
44,user_lhauqg,2024-12-29
45,user_olabwx,2024-11-06
46,user_ajolbj,2025-07-23
47,user_xfgcuw,2025-01-16
48,user_ztygeu,2025-05-14
49,user_watiyu,2025-04-07
50,user_gucwwf,2024-12-20
51,user_jvwfrk,2025-03-23
52,user_wzhqkz,2024-11-11
53,user_iawgpz,2025-07-24
54,user_clsipn,2025-01-27
55,user_xeblnu,2024-08-26
56,user_strjbr,2025-02-24
57,user_qrdxnr,2025-02-26
58,user_khdkyr,2025-05-15
59,user_qhoahl,2024-10-20
60,user_pilrnu,2025-05-18
61,user_rhrqcy,2025-04-14
62,user_rffagm,2025-07-06
63,user_lxosjk,2025-05-29
64,user_ratucl,2025-05-14
65,user_usmoxd,2025-06-05
66,user_urzpyx,2024-10-03
67,user_vxlxle,2024-12-12
68,user_ltvhum,2025-04-12
69,user_hchhio,2025-06-03
70,user_djdfki,2024-12-17
71,user_kfkxps,2024-10-22
72,user_jajtwy,2025-01-10
73,user_ntuxmh,2024-12-07
74,user_airkem,2025-06-08
75,user_znxprc,2025-01-05
76,user_dmbjfi,2025-01-30
77,user_hykvmt,2025-07-17
78,user_zjquqt,2025-04-08
79,user_faddro,2025-04-23
80,user_mgjpzs,2025-05-21
81,user_zcairy,2025-01-21
82,user_yfpvgs,2025-03-11
83,user_wpdzuj,2025-01-05
84,user_rbqakm,2025-01-03
85,user_yqvslt,2024-09-13
86,user_hvnmlt,2025-03-28
87,user_igyhlt,2024-10-25
88,user_pjawef,2025-04-02
89,user_iwshay,2025-06-30
90,user_gkogms,2024-12-26
91,user_ucfrhp,2024-12-13
92,user_oizojl,2025-03-09
93,user_gdfdnt,2025-05-10
94,user_ethptp,2025-06-22
95,user_vhjhsd,2025-07-20
96,user_zosdwm,2025-08-06
97,user_omleby,2024-12-11
98,user_cbmprd,2024-10-28
99,user_ycgokp,2024-09-30
100,user_fnllwz,2025-03-09
101,user_obyctq,2025-03-30
102,user_reebal,2024-10-12
103,user_mahhwb,2025-04-15
104,user_yuqryl,2024-11-07
105,user_fdgdbu,2024-10-12
106,user_tohdrs,2025-03-26
107,user_nmcbli,2025-04-06
108,user_afrwpa,2024-09-02
109,user_votenl,2025-03-23
110,user_epqmcj,2025-02-23
111,user_icekmr,2025-01-19
112,user_voliiz,2025-01-18
113,user_wvawmb,2024-11-20
114,user_jtqtfo,2025-03-18
115,user_lsdzpg,2025-05-23
116,user_iakfvc,2025-06-13
117,user_qeyhsk,2024-12-08
118,user_zgojxn,2025-06-04
119,user_whukyn,2025-08-11
120,user_hhpzmd,2024-11-10
121,user_mitjyw,2024-08-20
122,user_gjwkim,2025-01-29
123,user_krvzma,2024-11-28
124,user_zicvcx,2025-08-05
125,user_skremz,2025-02-20
126,user_qkcirn,2025-03-03
127,user_qxmoqg,2024-08-27
128,user_xztlcq,2025-06-22
129,user_lsxbuh,2025-02-02
130,user_lgkree,2024-10-04
131,user_wqgxdl,2025-04-04
132,user_lrxmho,2025-07-06
133,user_lipqlg,2025-03-11
134,user_fkmgoo,2024-08-19
135,user_hzrhor,2025-07-18
136,user_xtvxuf,2025-02-13
137,user_fegttr,2025-06-03
138,user_qxqilp,2025-06-06
139,user_chtedo,2025-02-06
140,user_nxvgvm,2025-03-14
141,user_ticzdz,2024-08-31
142,user_szzuju,2025-08-05
143,user_gdjtgj,2024-09-20
144,user_ycgawo,2024-10-04
145,user_fbvxhk,2025-06-02
146,user_bazdgn,2025-01-26
147,user_lrtykt,2025-05-25
148,user_xrvqyh,2024-08-24
149,user_jlywcr,2024-11-07
150,user_xqbhzy,2024-12-23
151,user_cfqzbi,2025-06-09
152,user_ufvopv,2025-04-15
153,user_idxawd,2025-06-07
154,user_oucwdj,2025-04-13
155,user_pagdkc,2025-07-11
156,user_muncny,2025-07-21
157,user_sxrhqa,2024-12-10
158,user_wlcslx,2025-03-01
159,user_pbhqoi,2024-10-11
160,user_nlpcsw,2024-09-13
161,user_wowlxk,2024-12-23
162,user_ksiigy,2024-08-26
163,user_xbvcct,2025-06-07
164,user_opoidj,2024-09-06
165,user_ykxbhi,2025-06-20
166,user_pfrfcv,2025-02-05
167,user_chflot,2024-09-28
168,user_pqayvg,2025-05-12
169,user_htxjed,2024-09-10
170,user_kdqatf,2025-01-10
171,user_leiiyp,2025-07-17
172,user_etbcll,2024-10-06
173,user_lhtclh,2024-08-30
174,user_pnifzb,2025-04-30
175,user_hfdgia,2025-01-04
176,user_ejsnvu,2025-07-07
177,user_ktllci,2025-01-05
178,user_oskcai,2024-09-30
179,user_lrjlcl,2025-01-19
180,user_nkiiie,2024-11-24
181,user_qnfujy,2024-09-16
182,user_vgdfpt,2024-09-11
183,user_byqmop,2024-08-29
184,user_yoqqwq,2025-05-27
185,user_lmqupj,2025-07-06
186,user_ilbvbw,2025-06-27
187,user_pnmoux,2024-12-25
188,user_xoepny,2024-12-25
189,user_cxisne,2025-04-08
190,user_sznpjx,2025-01-26
191,user_kipuqb,2025-06-25
192,user_okgwzp,2025-05-28
193,user_ipdjzs,2025-01-24
194,user_dscoqi,2025-06-08
195,user_rvtrnq,2025-01-08
196,user_naiyit,2025-05-06
197,user_fdcvcu,2024-11-16
198,user_aitdje,2024-08-23
199,user_uvelkr,2025-04-13
200,user_zptugg,2024-12-15
